{"cameraMode":{"drawMode":0,"name":"Shaded","section":"Shading Mode"},"sceneLighting":true,"audioPlay":false,"sceneViewState":{"m_AlwaysRefresh":false,"showFog":true,"showSkybox":true,"showFlares":true,"showImageEffects":true,"showParticleSystems":true,"showVisualEffectGraphs":true,"m_FxEnabled":true},"in2DMode":false,"pivot":{"x":-2.382817268371582,"y":2.9802372455596926,"z":-10.355546951293946},"rotation":{"x":0.012144858948886395,"y":-0.964627742767334,"z":0.04517992585897446,"w":0.25949960947036745},"size":5.222242832183838,"orthographic":false}