{"cameraMode":{"drawMode":0,"name":"Shaded","section":"Shading Mode"},"sceneLighting":true,"audioPlay":false,"sceneViewState":{"m_AlwaysRefresh":false,"showFog":true,"showSkybox":true,"showFlares":true,"showImageEffects":true,"showParticleSystems":true,"showVisualEffectGraphs":true,"m_FxEnabled":true},"in2DMode":false,"pivot":{"x":18.562910079956056,"y":-2.806051254272461,"z":3.90226149559021},"rotation":{"x":0.15200886130332948,"y":0.06994137912988663,"z":-0.013873501680791378,"w":0.9871485829353333},"size":3.570936918258667,"orthographic":false}