{"cameraMode":{"drawMode":0,"name":"Shaded","section":"Shading Mode"},"sceneLighting":true,"audioPlay":false,"sceneViewState":{"m_AlwaysRefresh":false,"showFog":true,"showSkybox":true,"showFlares":true,"showImageEffects":true,"showParticleSystems":true,"showVisualEffectGraphs":true,"m_FxEnabled":true},"in2DMode":false,"pivot":{"x":15.98490047454834,"y":-16.443031311035158,"z":106.20490264892578},"rotation":{"x":0.07845267653465271,"y":-0.04066047444939613,"z":0.0032618646509945394,"w":0.9961191415786743},"size":65.31346893310547,"orthographic":false}