{"cameraMode":{"drawMode":0,"name":"Shaded","section":"Shading Mode"},"sceneLighting":false,"audioPlay":false,"sceneViewState":{"m_AlwaysRefresh":false,"showFog":true,"showSkybox":false,"showFlares":true,"showImageEffects":true,"showParticleSystems":true,"showVisualEffectGraphs":true,"m_FxEnabled":true},"in2DMode":false,"pivot":{"x":0.014836132526397705,"y":0.00024355202913284302,"z":0.00021252036094665527},"rotation":{"x":0.00009554439020575956,"y":-0.9982831478118897,"z":0.06057048961520195,"w":0.007147034164518118},"size":0.3224726915359497,"orthographic":false}