{"cameraMode":{"drawMode":0,"name":"Shaded","section":"Shading Mode"},"sceneLighting":false,"audioPlay":false,"sceneViewState":{"m_AlwaysRefresh":false,"showFog":true,"showSkybox":false,"showFlares":true,"showImageEffects":true,"showParticleSystems":true,"showVisualEffectGraphs":true,"m_FxEnabled":true},"in2DMode":false,"pivot":{"x":-0.6579491496086121,"y":1.6476249694824219,"z":-4.470348358154297e-7},"rotation":{"x":0.003928402438759804,"y":-0.991973340511322,"z":0.031850893050432208,"w":0.12232571840286255},"size":1.8516851663589478,"orthographic":false}